id,name,age,gender,alive
1000,Ana Lopez,40,FEMALE,true
1001,Lucia Diaz,80,FEMALE,true
1002,Ana Rodriguez,62,FEMALE,true
1003,Diego Perez,30,FEMALE,true
1004,Luis Torres,66,MALE,true
1005,Carlos Sanchez,53,FEMALE,true
1006,Diego Perez,52,FEMALE,true
1007,Lucia Diaz,69,MALE,true
1008,Juan Rodriguez,24,FEMALE,true
1009,María Rodriguez,44,FEMALE,true
1010,Pedro Diaz,73,MALE,true
1011,Ana Sanchez,61,FEMALE,true
1012,Ana Garcia,28,MALE,true
1013,Juan Sanchez,60,FEMALE,true
1014,Pedro Ramirez,55,FEMALE,true
1015,Carlos Martinez,74,MALE,true
1016,Diego Sanchez,59,FEMALE,true
1017,Diego Garcia,77,FEMALE,true
1018,Pedro Sanchez,73,FEMALE,true
1019,Ana Garcia,57,FEMALE,true
1020,Pedro Ramirez,45,MALE,true
1021,Andrés Martinez,39,FEMALE,true
1022,Luis Diaz,44,FEMALE,true
1023,Luis Gomez,72,FEMALE,true
1024,Lucia Garcia,61,MALE,true
1025,Sofia Diaz,61,MALE,true
1026,Juan Perez,57,MALE,true
1027,Andrés Gomez,52,MALE,true
1028,Diego Gomez,41,MALE,true
1029,Carlos Lopez,46,MALE,true
1030,Ana Sanchez,47,FEMALE,true
1031,Pedro Diaz,83,MALE,true
1032,Sofia Gomez,50,MALE,true
1033,María Perez,65,MALE,true
1034,Pedro Rodriguez,68,MALE,true
1035,Luis Garcia,70,FEMALE,true
1036,Diego Diaz,57,FEMALE,true
1037,Pedro Diaz,64,MALE,true
1038,Luis Torres,62,FEMALE,true
1039,Carlos Diaz,28,FEMALE,true
1040,Luis Lopez,88,FEMALE,true
1041,Andrés Gomez,35,FEMALE,true
1042,Luis Sanchez,28,MALE,true
1043,Pedro Gomez,55,FEMALE,true
1044,Ana Torres,90,MALE,true
1045,Pedro Diaz,70,FEMALE,true
1046,María Gomez,52,FEMALE,true
1047,Pedro Ramirez,21,MALE,true
1048,Sofia Diaz,19,MALE,true
1049,Andrés Torres,46,FEMALE,true
1050,Sofia Garcia,85,MALE,true
1051,Lucia Garcia,50,MALE,true
1052,Carlos Gomez,84,MALE,true
1053,María Garcia,65,MALE,true
1054,Lucia Gomez,88,FEMALE,true
1055,María Rodriguez,78,MALE,true
1056,Andrés Lopez,87,MALE,true
1057,Luis Ramirez,46,MALE,true
1058,Carlos Martinez,35,FEMALE,true
1059,Carlos Garcia,56,FEMALE,true
1060,María Ramirez,63,FEMALE,true
1061,Pedro Torres,90,FEMALE,true
1062,Ana Torres,44,FEMALE,true
1063,Diego Sanchez,20,MALE,true
1064,Carlos Garcia,57,FEMALE,true
1065,Lucia Lopez,83,MALE,true
1066,Diego Rodriguez,66,FEMALE,true
1067,Sofia Gomez,53,MALE,true
1068,Carlos Martinez,85,FEMALE,true
1069,Diego Lopez,59,FEMALE,true
1070,María Diaz,41,MALE,true
1071,María Diaz,78,MALE,true
1072,Diego Ramirez,87,MALE,true
1073,María Perez,41,FEMALE,true
1074,María Gomez,18,FEMALE,true
1075,Diego Martinez,18,MALE,true
1076,Luis Lopez,79,MALE,true
1077,Sofia Lopez,74,MALE,true
1078,Diego Diaz,79,FEMALE,true
1079,Andrés Torres,35,FEMALE,true
1080,Andrés Perez,71,FEMALE,true
1081,Luis Gomez,42,MALE,true
1082,Carlos Diaz,22,MALE,true
1083,Diego Gomez,81,FEMALE,true
1084,Diego Perez,68,MALE,true
1085,Andrés Martinez,56,MALE,true
1086,Juan Martinez,34,MALE,true
1087,Sofia Martinez,19,FEMALE,true
1088,Luis Diaz,79,MALE,true
1089,María Rodriguez,83,MALE,true
1090,Andrés Torres,70,FEMALE,true
1091,Ana Lopez,23,FEMALE,true
1092,Pedro Lopez,87,FEMALE,true
1093,Ana Ramirez,72,FEMALE,true
1094,Diego Ramirez,31,FEMALE,true
1095,Juan Perez,59,FEMALE,true
1096,Diego Sanchez,20,FEMALE,true
1097,Ana Garcia,83,MALE,true
1098,Diego Sanchez,67,MALE,true
1099,Lucia Perez,21,MALE,true
1100,Sofia Ramirez,69,MALE,true
1101,Sofia Torres,71,FEMALE,true
1102,Diego Rodriguez,29,MALE,true
1103,Sofia Martinez,24,FEMALE,true
1104,Juan Rodriguez,53,MALE,true
1105,María Ramirez,27,FEMALE,true
1106,Andrés Garcia,63,FEMALE,true
1107,Ana Garcia,37,FEMALE,true
1108,María Diaz,63,MALE,true
1109,Andrés Torres,48,MALE,true
1110,Carlos Sanchez,72,MALE,true
1111,Lucia Sanchez,23,MALE,true
1112,Sofia Torres,19,MALE,true
1113,Diego Perez,30,MALE,true
1114,María Sanchez,61,MALE,true
1115,Pedro Torres,41,MALE,true
1116,Lucia Rodriguez,74,MALE,true
1117,Luis Gomez,46,MALE,true
1118,Lucia Torres,29,MALE,true
1119,Andrés Lopez,19,FEMALE,true
1120,Carlos Sanchez,45,MALE,true
1121,Andrés Garcia,22,MALE,true
1122,Carlos Ramirez,46,FEMALE,true
1123,Carlos Martinez,39,FEMALE,true
1124,Pedro Garcia,56,MALE,true
1125,Andrés Torres,33,MALE,true
1126,Pedro Martinez,43,FEMALE,true
1127,Diego Rodriguez,46,FEMALE,true
1128,María Garcia,56,FEMALE,true
1129,Sofia Lopez,87,FEMALE,true
1130,Carlos Diaz,46,FEMALE,true
1131,Luis Sanchez,30,FEMALE,true
1132,Juan Torres,28,MALE,true
1133,Andrés Torres,55,MALE,true
1134,Sofia Lopez,79,MALE,true
1135,María Garcia,76,MALE,true
1136,Luis Martinez,87,FEMALE,true
1137,Pedro Lopez,84,FEMALE,true
1138,Juan Garcia,82,MALE,true
1139,Pedro Ramirez,54,FEMALE,true
1140,Diego Martinez,82,MALE,true
1141,Lucia Torres,40,FEMALE,true
1142,Diego Martinez,25,MALE,true
1143,María Gomez,40,MALE,true
1144,Ana Torres,87,MALE,true
1145,María Gomez,20,MALE,true
1146,Luis Ramirez,63,FEMALE,true
1147,Diego Martinez,78,MALE,true
1148,Andrés Ramirez,72,FEMALE,true
1149,Andrés Diaz,31,FEMALE,true
1150,Pedro Gomez,88,MALE,true
1151,Lucia Garcia,31,FEMALE,true
1152,Pedro Ramirez,36,FEMALE,true
1153,Lucia Sanchez,19,FEMALE,true
1154,Juan Perez,33,FEMALE,true
1155,Lucia Ramirez,89,MALE,true
1156,Juan Lopez,63,MALE,true
1157,Lucia Diaz,80,MALE,true
1158,Luis Sanchez,71,FEMALE,true
1159,María Torres,36,MALE,true
1160,Luis Ramirez,72,MALE,true
1161,María Lopez,78,FEMALE,true
1162,Luis Lopez,28,MALE,true
1163,Juan Garcia,37,FEMALE,true
1164,Andrés Lopez,71,MALE,true
1165,Carlos Diaz,37,MALE,true
1166,Luis Garcia,62,FEMALE,true
1167,Pedro Garcia,28,FEMALE,true
1168,Diego Sanchez,31,MALE,true
1169,Carlos Diaz,37,MALE,true
1170,Luis Lopez,80,MALE,true
1171,Andrés Diaz,22,MALE,true
1172,María Torres,79,FEMALE,true
1173,Andrés Garcia,50,MALE,true
1174,Luis Rodriguez,56,MALE,true
1175,Sofia Ramirez,65,MALE,true
1176,Lucia Torres,34,FEMALE,true
1177,Ana Rodriguez,61,MALE,true
1178,Juan Ramirez,65,MALE,true
1179,Pedro Perez,74,FEMALE,true
1180,Juan Rodriguez,36,FEMALE,true
1181,Sofia Sanchez,73,MALE,true
1182,Pedro Ramirez,71,FEMALE,true
1183,Carlos Ramirez,76,MALE,true
1184,Sofia Sanchez,49,MALE,true
1185,Juan Rodriguez,73,MALE,true
1186,Diego Martinez,66,MALE,true
1187,Sofia Garcia,33,MALE,true
1188,Andrés Diaz,87,MALE,true
1189,Carlos Garcia,77,FEMALE,true
1190,Ana Ramirez,70,FEMALE,true
1191,María Garcia,42,FEMALE,true
1192,Pedro Ramirez,38,MALE,true
1193,María Martinez,59,MALE,true
1194,Sofia Martinez,44,FEMALE,true
1195,Luis Lopez,52,MALE,true
1196,Pedro Perez,29,FEMALE,true
1197,María Sanchez,60,FEMALE,true
1198,Andrés Garcia,49,MALE,true
1199,Pedro Ramirez,45,FEMALE,true
1200,Ana Ramirez,72,FEMALE,true
1201,Ana Gomez,65,MALE,true
1202,Diego Ramirez,79,FEMALE,true
1203,Ana Rodriguez,89,MALE,true
1204,Ana Martinez,56,FEMALE,true
1205,Diego Garcia,18,MALE,true
1206,Juan Perez,58,FEMALE,true
1207,Diego Sanchez,27,MALE,true
1208,Diego Gomez,56,FEMALE,true
1209,Ana Perez,18,FEMALE,true
1210,Pedro Ramirez,64,FEMALE,true
1211,Andrés Sanchez,47,FEMALE,true
1212,Ana Rodriguez,69,MALE,true
1213,Diego Rodriguez,31,MALE,true
1214,Lucia Gomez,85,FEMALE,true
1215,Pedro Diaz,20,FEMALE,true
1216,Sofia Martinez,41,FEMALE,true
1217,Juan Gomez,60,FEMALE,true
1218,Pedro Perez,89,FEMALE,true
1219,Sofia Garcia,79,MALE,true
1220,Luis Martinez,40,MALE,true
1221,Ana Torres,51,MALE,true
1222,Ana Gomez,40,MALE,true
1223,Andrés Garcia,68,FEMALE,true
1224,Lucia Torres,56,MALE,true
1225,Sofia Gomez,90,MALE,true
1226,Diego Gomez,44,MALE,true
1227,Lucia Ramirez,41,FEMALE,true
1228,Lucia Garcia,49,FEMALE,true
1229,Sofia Diaz,26,FEMALE,true
1230,Luis Martinez,87,FEMALE,true
1231,Andrés Garcia,75,FEMALE,true
1232,Pedro Rodriguez,24,FEMALE,true
1233,María Lopez,65,MALE,true
1234,Sofia Garcia,72,FEMALE,true
1235,Carlos Sanchez,28,FEMALE,true
1236,Andrés Diaz,29,FEMALE,true
1237,Sofia Rodriguez,52,MALE,true
1238,Ana Torres,64,FEMALE,true
1239,Juan Gomez,40,MALE,true
1240,Sofia Martinez,88,MALE,true
1241,Sofia Lopez,46,MALE,true
1242,Andrés Ramirez,59,MALE,true
1243,Lucia Torres,89,MALE,true
1244,Juan Rodriguez,28,FEMALE,true
1245,María Ramirez,69,FEMALE,true
1246,Carlos Martinez,33,MALE,true
1247,Carlos Ramirez,20,FEMALE,true
1248,Juan Garcia,33,FEMALE,true
1249,Sofia Ramirez,40,FEMALE,true
1250,María Torres,62,MALE,true
1251,María Sanchez,77,FEMALE,true
1252,Lucia Martinez,87,FEMALE,true
1253,Diego Diaz,53,FEMALE,true
1254,Luis Ramirez,60,FEMALE,true
1255,María Gomez,85,MALE,true
1256,Lucia Lopez,25,MALE,true
1257,Luis Sanchez,34,MALE,true
1258,Carlos Lopez,84,MALE,true
1259,Juan Diaz,35,FEMALE,true
1260,Luis Martinez,61,MALE,true
1261,Ana Rodriguez,68,MALE,true
1262,Sofia Diaz,33,FEMALE,true
1263,Lucia Perez,57,MALE,true
1264,Carlos Lopez,37,MALE,true
1265,Andrés Garcia,40,FEMALE,true
1266,Lucia Lopez,38,MALE,true
1267,Luis Gomez,31,MALE,true
1268,Pedro Lopez,30,MALE,true
1269,Pedro Torres,28,MALE,true
1270,Diego Garcia,75,MALE,true
1271,Andrés Lopez,53,FEMALE,true
1272,Lucia Ramirez,68,FEMALE,true
1273,María Torres,55,FEMALE,true
1274,Ana Gomez,85,FEMALE,true
1275,Lucia Garcia,57,MALE,true
1276,Diego Gomez,58,FEMALE,true
1277,Diego Rodriguez,18,MALE,true
1278,Lucia Rodriguez,39,FEMALE,true
1279,Pedro Rodriguez,65,FEMALE,true
1280,Carlos Ramirez,46,FEMALE,true
1281,Luis Garcia,47,MALE,true
1282,Pedro Rodriguez,71,MALE,true
1283,Sofia Sanchez,26,MALE,true
1284,María Torres,63,FEMALE,true
1285,Diego Garcia,81,FEMALE,true
1286,Pedro Garcia,57,MALE,true
1287,Juan Garcia,33,MALE,true
1288,Lucia Torres,23,MALE,true
1289,Juan Perez,30,MALE,true
1290,Sofia Torres,39,MALE,true
1291,Pedro Gomez,21,MALE,true
1292,María Torres,32,MALE,true
1293,Lucia Rodriguez,31,FEMALE,true
1294,Sofia Garcia,50,MALE,true
1295,Luis Martinez,80,FEMALE,true
1296,Ana Sanchez,32,MALE,true
1297,Diego Garcia,30,MALE,true
1298,Pedro Sanchez,39,MALE,true
1299,Carlos Garcia,61,MALE,true
1300,Carlos Martinez,61,FEMALE,true
1301,Luis Ramirez,75,MALE,true
1302,Andrés Martinez,87,MALE,true
1303,Luis Perez,50,MALE,true
1304,Sofia Rodriguez,26,FEMALE,true
1305,Carlos Martinez,35,MALE,true
1306,Andrés Lopez,37,MALE,true
1307,María Torres,64,FEMALE,true
1308,Sofia Gomez,26,MALE,true
1309,Andrés Torres,40,FEMALE,true
1310,María Martinez,22,MALE,true
1311,Carlos Ramirez,77,MALE,true
1312,Lucia Torres,67,MALE,true
1313,Pedro Torres,81,FEMALE,true
1314,María Diaz,32,FEMALE,true
1315,Lucia Lopez,86,MALE,true
1316,Diego Martinez,61,FEMALE,true
1317,Luis Lopez,44,MALE,true
1318,Carlos Torres,80,MALE,true
1319,Sofia Gomez,47,FEMALE,true
1320,Pedro Gomez,37,MALE,true
1321,María Lopez,87,FEMALE,true
1322,Sofia Ramirez,58,FEMALE,true
1323,Carlos Garcia,75,FEMALE,true
1324,Carlos Gomez,49,FEMALE,true
1325,Ana Sanchez,25,MALE,true
1326,Ana Gomez,74,FEMALE,true
1327,Sofia Diaz,78,MALE,true
1328,Ana Lopez,57,MALE,true
1329,Ana Ramirez,31,FEMALE,true
1330,Juan Diaz,86,FEMALE,true
1331,Lucia Diaz,82,FEMALE,true
1332,Luis Torres,26,MALE,true
1333,Luis Ramirez,57,MALE,true
1334,Luis Perez,36,MALE,true
1335,Diego Garcia,45,MALE,true
1336,Ana Rodriguez,58,FEMALE,true
1337,María Torres,78,MALE,true
1338,Lucia Ramirez,66,FEMALE,true
1339,Diego Perez,59,MALE,true
1340,Diego Sanchez,77,MALE,true
1341,Ana Sanchez,49,MALE,true
1342,Lucia Ramirez,70,MALE,true
1343,Pedro Gomez,21,MALE,true
1344,Andrés Lopez,80,MALE,true
1345,Diego Martinez,55,FEMALE,true
1346,Andrés Lopez,47,MALE,true
1347,Diego Torres,18,FEMALE,true
1348,Lucia Torres,18,FEMALE,true
1349,Sofia Diaz,77,FEMALE,true
1350,Ana Martinez,60,FEMALE,true
1351,Ana Torres,31,FEMALE,true
1352,Ana Torres,47,MALE,true
1353,Sofia Diaz,89,MALE,true
1354,Juan Diaz,79,MALE,true
1355,Luis Torres,71,FEMALE,true
1356,Pedro Lopez,32,FEMALE,true
1357,Carlos Rodriguez,67,MALE,true
1358,Carlos Martinez,41,FEMALE,true
1359,Luis Martinez,65,MALE,true
1360,Pedro Ramirez,52,MALE,true
1361,Carlos Perez,60,FEMALE,true
1362,Luis Lopez,49,FEMALE,true
1363,Andrés Garcia,55,MALE,true
1364,Carlos Martinez,70,FEMALE,true
1365,Andrés Rodriguez,65,FEMALE,true
1366,Juan Sanchez,22,FEMALE,true
1367,Andrés Lopez,87,MALE,true
1368,María Garcia,42,MALE,true
1369,Lucia Rodriguez,80,MALE,true
1370,Lucia Rodriguez,42,MALE,true
1371,Carlos Ramirez,61,MALE,true
1372,Diego Martinez,54,FEMALE,true
1373,Carlos Rodriguez,27,FEMALE,true
1374,Luis Lopez,21,FEMALE,true
1375,Carlos Perez,23,FEMALE,true
1376,María Sanchez,87,FEMALE,true
1377,Diego Rodriguez,74,FEMALE,true
1378,Carlos Martinez,63,MALE,true
1379,Juan Sanchez,20,FEMALE,true
1380,Diego Martinez,25,MALE,true
1381,Pedro Diaz,56,FEMALE,true
1382,Sofia Ramirez,30,FEMALE,true
1383,Carlos Perez,44,MALE,true
1384,Pedro Martinez,32,FEMALE,true
1385,Luis Lopez,40,MALE,true
1386,Lucia Ramirez,38,FEMALE,true
1387,Ana Sanchez,52,FEMALE,true
1388,Ana Martinez,64,MALE,true
1389,Andrés Gomez,70,MALE,true
1390,Lucia Rodriguez,57,FEMALE,true
1391,Ana Gomez,31,MALE,true
1392,Juan Diaz,52,MALE,true
1393,Carlos Ramirez,21,FEMALE,true
1394,María Gomez,69,MALE,true
1395,Carlos Torres,80,FEMALE,true
1396,Juan Torres,33,MALE,true
1397,Diego Gomez,53,MALE,true
1398,Lucia Ramirez,43,MALE,true
1399,Sofia Lopez,79,MALE,true
1400,Diego Sanchez,54,FEMALE,true
1401,Sofia Lopez,68,MALE,true
1402,Pedro Ramirez,57,MALE,true
1403,María Sanchez,66,MALE,true
1404,Carlos Lopez,74,MALE,true
1405,Diego Rodriguez,84,FEMALE,true
1406,Ana Martinez,35,FEMALE,true
1407,Ana Garcia,66,MALE,true
1408,Luis Martinez,80,FEMALE,true
1409,Juan Torres,60,MALE,true
1410,María Sanchez,30,FEMALE,true
1411,Ana Perez,61,FEMALE,true
1412,Lucia Lopez,67,MALE,true
1413,Diego Diaz,78,FEMALE,true
1414,Luis Martinez,72,MALE,true
1415,Lucia Torres,44,FEMALE,true
1416,Ana Gomez,21,FEMALE,true
1417,Carlos Martinez,46,FEMALE,true
1418,Andrés Perez,39,MALE,true
1419,Ana Rodriguez,43,FEMALE,true
1420,Carlos Lopez,22,MALE,true
1421,Juan Perez,40,FEMALE,true
1422,Pedro Gomez,48,FEMALE,true
1423,Sofia Sanchez,29,MALE,true
1424,Sofia Ramirez,39,MALE,true
1425,María Sanchez,65,MALE,true
1426,Carlos Ramirez,43,FEMALE,true
1427,María Diaz,52,FEMALE,true
1428,María Garcia,34,FEMALE,true
1429,Luis Perez,44,FEMALE,true
1430,Luis Diaz,32,FEMALE,true
1431,Andrés Ramirez,81,FEMALE,true
1432,Pedro Perez,33,FEMALE,true
1433,Sofia Diaz,68,FEMALE,true
1434,Pedro Diaz,26,MALE,true
1435,Diego Perez,26,MALE,true
1436,Pedro Martinez,56,MALE,true
1437,Carlos Diaz,48,FEMALE,true
1438,María Garcia,42,MALE,true
1439,Juan Torres,65,MALE,true
1440,Diego Diaz,71,FEMALE,true
1441,Carlos Garcia,85,MALE,true
1442,Luis Garcia,39,MALE,true
1443,Carlos Sanchez,36,MALE,true
1444,Andrés Gomez,36,MALE,true
1445,Andrés Garcia,27,FEMALE,true
1446,Andrés Sanchez,80,MALE,true
1447,Pedro Ramirez,43,MALE,true
1448,María Ramirez,41,FEMALE,true
1449,Lucia Garcia,30,MALE,true
1450,Ana Torres,71,FEMALE,true
1451,Diego Rodriguez,87,FEMALE,true
1452,Luis Torres,90,FEMALE,true
1453,Carlos Martinez,18,FEMALE,true
1454,Ana Ramirez,53,FEMALE,true
1455,Sofia Torres,53,FEMALE,true
1456,Pedro Rodriguez,21,FEMALE,true
1457,Ana Torres,71,FEMALE,true
1458,Juan Garcia,54,MALE,true
1459,María Garcia,43,MALE,true
1460,Lucia Rodriguez,72,MALE,true
1461,Lucia Sanchez,58,FEMALE,true
1462,Carlos Rodriguez,25,MALE,true
1463,Carlos Martinez,87,FEMALE,true
1464,María Perez,68,FEMALE,true
1465,Sofia Garcia,54,FEMALE,true
1466,Ana Gomez,55,MALE,true
1467,Juan Sanchez,73,MALE,true
1468,Juan Sanchez,31,FEMALE,true
1469,Juan Martinez,45,FEMALE,true
1470,Pedro Ramirez,38,FEMALE,true
1471,María Garcia,39,MALE,true
1472,Juan Martinez,78,MALE,true
1473,Lucia Sanchez,23,FEMALE,true
1474,Pedro Ramirez,28,MALE,true
1475,Pedro Garcia,67,MALE,true
1476,Sofia Garcia,60,FEMALE,true
1477,Sofia Martinez,30,FEMALE,true
1478,Sofia Diaz,31,FEMALE,true
1479,Diego Garcia,24,FEMALE,true
1480,Sofia Sanchez,58,FEMALE,true
1481,Juan Diaz,80,MALE,true
1482,María Perez,50,FEMALE,true
1483,Andrés Diaz,62,FEMALE,true
1484,Luis Sanchez,83,MALE,true
1485,Ana Torres,79,FEMALE,true
1486,Sofia Perez,35,MALE,true
1487,Diego Ramirez,85,MALE,true
1488,Andrés Garcia,79,FEMALE,true
1489,Sofia Rodriguez,89,FEMALE,true
1490,Andrés Gomez,77,MALE,true
1491,María Sanchez,72,MALE,true
1492,María Rodriguez,38,FEMALE,true
1493,Lucia Sanchez,50,MALE,true
1494,Diego Diaz,56,MALE,true
1495,Andrés Perez,90,FEMALE,true
1496,Juan Gomez,18,MALE,true
1497,Ana Lopez,37,MALE,true
1498,Diego Gomez,27,MALE,true
1499,María Rodriguez,30,MALE,true
1500,Pedro Rodriguez,59,FEMALE,true
1501,Diego Rodriguez,26,FEMALE,true
1502,Lucia Lopez,45,MALE,true
1503,Juan Garcia,70,FEMALE,true
1504,Diego Diaz,31,MALE,true
1505,Lucia Gomez,22,FEMALE,true
1506,Carlos Torres,73,FEMALE,true
1507,Lucia Sanchez,84,FEMALE,true
1508,Diego Diaz,73,MALE,true
1509,María Garcia,43,MALE,true
1510,Luis Sanchez,39,MALE,true
1511,Pedro Perez,51,FEMALE,true
1512,Luis Rodriguez,22,MALE,true
1513,Sofia Diaz,50,FEMALE,true
1514,Juan Garcia,88,FEMALE,true
1515,Sofia Perez,36,FEMALE,true
1516,Andrés Gomez,56,FEMALE,true
1517,Carlos Martinez,32,MALE,true
1518,Carlos Garcia,53,MALE,true
1519,Andrés Martinez,63,FEMALE,true
1520,Lucia Diaz,36,MALE,true
1521,Carlos Ramirez,79,MALE,true
1522,Juan Perez,49,FEMALE,true
1523,Juan Rodriguez,78,MALE,true
1524,Andrés Diaz,59,MALE,true
1525,Juan Sanchez,50,FEMALE,true
1526,María Diaz,44,MALE,true
1527,Diego Torres,20,FEMALE,true
1528,Pedro Rodriguez,78,MALE,true
1529,Andrés Martinez,69,MALE,true
1530,Sofia Lopez,52,FEMALE,true
1531,Andrés Perez,57,MALE,true
1532,Andrés Garcia,38,FEMALE,true
1533,María Lopez,74,MALE,true
1534,Luis Lopez,20,FEMALE,true
1535,Juan Sanchez,29,FEMALE,true
1536,Carlos Rodriguez,71,MALE,true
1537,Ana Lopez,90,MALE,true
1538,Carlos Ramirez,88,MALE,true
1539,Diego Gomez,47,FEMALE,true
1540,María Ramirez,81,MALE,true
1541,María Sanchez,72,FEMALE,true
1542,Juan Gomez,71,FEMALE,true
1543,Luis Sanchez,45,FEMALE,true
1544,Carlos Ramirez,53,MALE,true
1545,Lucia Rodriguez,26,MALE,true
1546,Sofia Perez,27,MALE,true
1547,Juan Torres,63,FEMALE,true
1548,Sofia Lopez,27,MALE,true
1549,Sofia Ramirez,73,FEMALE,true
1550,Lucia Perez,21,FEMALE,true
1551,Sofia Perez,54,FEMALE,true
1552,Carlos Ramirez,69,MALE,true
1553,Pedro Lopez,45,MALE,true
1554,Juan Sanchez,33,FEMALE,true
1555,Ana Ramirez,85,MALE,true
1556,Lucia Rodriguez,18,FEMALE,true
1557,Juan Diaz,19,MALE,true
1558,Lucia Sanchez,50,MALE,true
1559,Pedro Perez,41,MALE,true
1560,Juan Torres,35,FEMALE,true
1561,Pedro Gomez,39,FEMALE,true
1562,Sofia Gomez,22,MALE,true
1563,Luis Diaz,50,MALE,true
1564,Ana Gomez,27,FEMALE,true
1565,Luis Garcia,66,FEMALE,true
1566,Carlos Perez,42,FEMALE,true
1567,Sofia Ramirez,78,MALE,true
1568,Juan Gomez,77,FEMALE,true
1569,María Martinez,73,MALE,true
1570,Juan Torres,18,MALE,true
1571,Pedro Ramirez,57,FEMALE,true
1572,Luis Perez,38,FEMALE,true
1573,Ana Rodriguez,59,FEMALE,true
1574,Diego Perez,90,MALE,true
1575,Juan Martinez,80,MALE,true
1576,Ana Martinez,34,FEMALE,true
1577,Luis Ramirez,82,FEMALE,true
1578,Ana Martinez,50,MALE,true
1579,Andrés Diaz,57,FEMALE,true
1580,Sofia Torres,75,MALE,true
1581,Andrés Martinez,24,FEMALE,true
1582,María Torres,87,MALE,true
1583,Carlos Gomez,63,MALE,true
1584,Pedro Martinez,72,MALE,true
1585,Juan Perez,80,MALE,true
1586,Pedro Torres,46,MALE,true
1587,Luis Garcia,20,MALE,true
1588,María Torres,45,MALE,true
1589,Sofia Gomez,36,FEMALE,true
1590,María Sanchez,49,FEMALE,true
1591,Ana Perez,53,FEMALE,true
1592,María Ramirez,89,FEMALE,true
1593,Ana Rodriguez,73,FEMALE,true
1594,Carlos Rodriguez,35,MALE,true
1595,Juan Diaz,69,FEMALE,true
1596,Diego Garcia,61,FEMALE,true
1597,Juan Ramirez,85,FEMALE,true
1598,Carlos Rodriguez,45,MALE,true
1599,Lucia Lopez,88,MALE,true
1600,Carlos Torres,73,FEMALE,true
1601,Juan Garcia,78,FEMALE,true
1602,Andrés Torres,82,FEMALE,true
1603,Carlos Martinez,85,FEMALE,true
1604,María Perez,71,MALE,true
1605,Sofia Garcia,57,MALE,true
1606,Diego Gomez,54,MALE,true
1607,Sofia Rodriguez,75,MALE,true
1608,Ana Lopez,32,FEMALE,true
1609,María Diaz,46,FEMALE,true
1610,Luis Martinez,30,FEMALE,true
1611,Lucia Rodriguez,56,FEMALE,true
1612,Andrés Gomez,45,MALE,true
1613,Pedro Torres,52,FEMALE,true
1614,Carlos Diaz,53,MALE,true
1615,Carlos Torres,50,MALE,true
1616,Luis Perez,20,MALE,true
1617,Carlos Garcia,62,MALE,true
1618,María Torres,32,MALE,true
1619,Ana Rodriguez,43,MALE,true
1620,Pedro Martinez,29,FEMALE,true
1621,Diego Diaz,76,MALE,true
1622,Pedro Rodriguez,43,FEMALE,true
1623,Carlos Martinez,31,FEMALE,true
1624,Diego Sanchez,39,FEMALE,true
1625,María Gomez,24,MALE,true
1626,Pedro Diaz,55,MALE,true
1627,Andrés Rodriguez,53,MALE,true
1628,María Rodriguez,45,MALE,true
1629,Sofia Garcia,29,MALE,true
1630,Diego Ramirez,85,FEMALE,true
1631,Andrés Gomez,66,FEMALE,true
1632,Pedro Lopez,40,FEMALE,true
1633,Juan Sanchez,60,FEMALE,true
1634,Carlos Sanchez,69,FEMALE,true
1635,Diego Garcia,23,FEMALE,true
1636,María Perez,26,FEMALE,true
1637,Lucia Lopez,30,MALE,true
1638,Ana Lopez,48,MALE,true
1639,Luis Sanchez,77,FEMALE,true
1640,Luis Diaz,82,MALE,true
1641,Pedro Sanchez,82,MALE,true
1642,Andrés Rodriguez,89,FEMALE,true
1643,Andrés Sanchez,82,FEMALE,true
1644,Andrés Martinez,72,MALE,true
1645,Ana Gomez,45,FEMALE,true
1646,Ana Martinez,33,FEMALE,true
1647,Carlos Diaz,64,FEMALE,true
1648,Carlos Garcia,26,MALE,true
1649,Lucia Sanchez,70,FEMALE,true
1650,María Perez,44,FEMALE,true
1651,Ana Gomez,75,FEMALE,true
1652,Lucia Perez,18,FEMALE,true
1653,Luis Perez,28,MALE,true
1654,Carlos Martinez,20,MALE,true
1655,Diego Lopez,35,FEMALE,true
1656,Ana Lopez,83,FEMALE,true
1657,Lucia Sanchez,22,FEMALE,true
1658,Diego Sanchez,19,FEMALE,true
1659,Carlos Sanchez,30,MALE,true
1660,Luis Sanchez,19,MALE,true
1661,Sofia Lopez,23,MALE,true
1662,Andrés Lopez,32,MALE,true
1663,Carlos Sanchez,79,FEMALE,true
1664,María Sanchez,49,MALE,true
1665,Pedro Perez,77,FEMALE,true
1666,Ana Gomez,83,MALE,true
1667,Lucia Garcia,81,MALE,true
1668,Sofia Ramirez,44,FEMALE,true
1669,Ana Lopez,56,FEMALE,true
1670,Carlos Gomez,62,MALE,true
1671,Luis Torres,27,FEMALE,true
1672,Ana Rodriguez,79,FEMALE,true
1673,Lucia Perez,44,FEMALE,true
1674,Lucia Garcia,57,FEMALE,true
1675,Pedro Perez,58,MALE,true
1676,Lucia Gomez,50,MALE,true
1677,Andrés Martinez,81,FEMALE,true
1678,Carlos Lopez,42,MALE,true
1679,Pedro Ramirez,37,MALE,true
1680,Luis Torres,46,MALE,true
1681,Sofia Perez,76,MALE,true
1682,Ana Perez,38,FEMALE,true
1683,Pedro Garcia,60,FEMALE,true
1684,Carlos Sanchez,88,FEMALE,true
1685,Ana Lopez,40,FEMALE,true
1686,María Torres,18,MALE,true
1687,Juan Lopez,75,FEMALE,true
1688,Sofia Rodriguez,64,MALE,true
1689,Luis Torres,56,FEMALE,true
1690,Sofia Rodriguez,53,FEMALE,true
1691,Sofia Lopez,41,MALE,true
1692,Lucia Lopez,35,MALE,true
1693,Juan Sanchez,53,MALE,true
1694,Diego Garcia,47,MALE,true
1695,Pedro Garcia,90,MALE,true
1696,Pedro Sanchez,30,FEMALE,true
1697,Pedro Ramirez,76,FEMALE,true
1698,Ana Sanchez,90,MALE,true
1699,Pedro Diaz,35,FEMALE,true
1700,María Torres,30,FEMALE,true
1701,Pedro Martinez,66,MALE,true
1702,Andrés Rodriguez,86,FEMALE,true
1703,Andrés Lopez,42,MALE,true
1704,Andrés Rodriguez,49,FEMALE,true
1705,Diego Torres,25,MALE,true
1706,Sofia Diaz,51,FEMALE,true
1707,Lucia Martinez,86,MALE,true
1708,Juan Martinez,72,MALE,true
1709,Juan Lopez,82,MALE,true
1710,Lucia Lopez,29,MALE,true
1711,Sofia Lopez,39,MALE,true
1712,Andrés Ramirez,43,FEMALE,true
1713,Andrés Sanchez,80,MALE,true
1714,Pedro Lopez,48,FEMALE,true
1715,Lucia Lopez,36,FEMALE,true
1716,Sofia Rodriguez,71,MALE,true
1717,Lucia Martinez,28,FEMALE,true
1718,María Rodriguez,76,MALE,true
1719,Ana Diaz,74,MALE,true
1720,Diego Martinez,77,FEMALE,true
1721,Diego Gomez,78,FEMALE,true
1722,Andrés Garcia,89,FEMALE,true
1723,Diego Lopez,51,FEMALE,true
1724,Carlos Ramirez,59,FEMALE,true
1725,Andrés Diaz,72,MALE,true
1726,Ana Rodriguez,18,MALE,true
1727,María Torres,27,FEMALE,true
1728,Pedro Sanchez,86,FEMALE,true
1729,Diego Sanchez,30,FEMALE,true
1730,Ana Diaz,59,MALE,true
1731,Lucia Rodriguez,64,FEMALE,true
1732,Carlos Garcia,84,FEMALE,true
1733,Lucia Sanchez,88,FEMALE,true
1734,Diego Sanchez,24,MALE,true
1735,Carlos Perez,67,FEMALE,true
1736,Lucia Diaz,36,FEMALE,true
1737,Diego Sanchez,84,FEMALE,true
1738,Lucia Gomez,58,MALE,true
1739,Lucia Gomez,70,FEMALE,true
1740,Juan Sanchez,28,FEMALE,true
1741,Ana Rodriguez,59,MALE,true
1742,Pedro Sanchez,62,MALE,true
1743,Luis Perez,36,MALE,true
1744,Luis Lopez,35,FEMALE,true
1745,Juan Rodriguez,79,FEMALE,true
1746,Pedro Diaz,72,FEMALE,true
1747,Lucia Sanchez,72,MALE,true
1748,Pedro Torres,38,FEMALE,true
1749,Carlos Rodriguez,39,FEMALE,true
1750,María Gomez,73,FEMALE,true
1751,Lucia Sanchez,37,MALE,true
1752,Ana Torres,79,FEMALE,true
1753,Luis Sanchez,62,MALE,true
1754,Andrés Perez,32,FEMALE,true
1755,Ana Garcia,36,FEMALE,true
1756,Ana Sanchez,45,FEMALE,true
1757,Lucia Torres,23,FEMALE,true
1758,Sofia Garcia,58,MALE,true
1759,Sofia Sanchez,82,FEMALE,true
1760,Luis Garcia,52,MALE,true
1761,Luis Gomez,72,FEMALE,true
1762,María Martinez,23,FEMALE,true
1763,Andrés Gomez,34,FEMALE,true
1764,Carlos Rodriguez,79,MALE,true
1765,Pedro Garcia,82,FEMALE,true
1766,María Sanchez,65,FEMALE,true
1767,Juan Lopez,73,MALE,true
1768,Andrés Ramirez,71,MALE,true
1769,Ana Rodriguez,43,FEMALE,true
1770,Diego Sanchez,74,MALE,true
1771,Carlos Lopez,55,MALE,true
1772,Lucia Gomez,59,MALE,true
1773,Andrés Gomez,31,FEMALE,true
1774,Diego Perez,21,FEMALE,true
1775,Pedro Garcia,87,MALE,true
1776,María Torres,38,FEMALE,true
1777,Carlos Ramirez,60,FEMALE,true
1778,Juan Torres,34,FEMALE,true
1779,Andrés Rodriguez,51,FEMALE,true
1780,Diego Lopez,52,MALE,true
1781,María Martinez,35,MALE,true
1782,Juan Garcia,45,FEMALE,true
1783,Lucia Torres,52,FEMALE,true
1784,Ana Diaz,66,FEMALE,true
1785,Juan Perez,34,FEMALE,true
1786,Juan Perez,23,MALE,true
1787,Lucia Sanchez,37,MALE,true
1788,Carlos Lopez,74,FEMALE,true
1789,Sofia Ramirez,30,MALE,true
1790,Carlos Perez,40,FEMALE,true
1791,María Rodriguez,88,MALE,true
1792,Andrés Gomez,47,MALE,true
1793,Ana Sanchez,69,MALE,true
1794,Diego Martinez,63,FEMALE,true
1795,Juan Sanchez,41,MALE,true
1796,Sofia Diaz,53,MALE,true
1797,Pedro Perez,47,MALE,true
1798,Andrés Perez,23,FEMALE,true
1799,Andrés Gomez,41,FEMALE,true
1800,Ana Torres,43,FEMALE,true
1801,María Sanchez,81,MALE,true
1802,Diego Rodriguez,74,FEMALE,true
1803,Pedro Martinez,62,MALE,true
1804,Sofia Torres,44,FEMALE,true
1805,Carlos Gomez,86,MALE,true
1806,Andrés Ramirez,36,FEMALE,true
1807,Luis Perez,51,MALE,true
1808,Lucia Garcia,57,MALE,true
1809,Lucia Rodriguez,62,FEMALE,true
1810,María Rodriguez,49,FEMALE,true
1811,Luis Perez,50,FEMALE,true
1812,Diego Sanchez,64,MALE,true
1813,Sofia Perez,68,MALE,true
1814,María Garcia,30,MALE,true
1815,Lucia Sanchez,65,FEMALE,true
1816,María Rodriguez,65,FEMALE,true
1817,Luis Perez,76,FEMALE,true
1818,Andrés Ramirez,35,MALE,true
1819,Carlos Sanchez,83,FEMALE,true
1820,Pedro Ramirez,90,MALE,true
1821,Pedro Garcia,89,FEMALE,true
1822,Sofia Perez,57,FEMALE,true
1823,Lucia Diaz,59,FEMALE,true
1824,María Sanchez,55,MALE,true
1825,Ana Perez,57,FEMALE,true
1826,Lucia Diaz,43,FEMALE,true
1827,Andrés Lopez,63,MALE,true
1828,Ana Gomez,77,FEMALE,true
1829,María Rodriguez,27,FEMALE,true
1830,Andrés Gomez,18,FEMALE,true
1831,Ana Martinez,41,FEMALE,true
1832,Ana Sanchez,54,MALE,true
1833,Lucia Gomez,32,MALE,true
1834,Carlos Torres,33,FEMALE,true
1835,Sofia Torres,71,FEMALE,true
1836,Lucia Garcia,31,MALE,true
1837,Luis Garcia,19,MALE,true
1838,Diego Perez,28,FEMALE,true
1839,Carlos Rodriguez,30,MALE,true
1840,Luis Ramirez,77,MALE,true
1841,Juan Rodriguez,83,FEMALE,true
1842,Pedro Perez,47,MALE,true
1843,Ana Ramirez,65,FEMALE,true
1844,Ana Martinez,90,FEMALE,true
1845,María Ramirez,29,FEMALE,true
1846,Ana Torres,75,FEMALE,true
1847,Andrés Garcia,29,MALE,true
1848,María Lopez,41,MALE,true
1849,Diego Martinez,38,MALE,true
1850,Juan Martinez,22,MALE,true
1851,María Torres,35,MALE,true
1852,Sofia Sanchez,29,FEMALE,true
1853,Andrés Diaz,70,MALE,true
1854,Sofia Diaz,66,FEMALE,true
1855,Carlos Rodriguez,73,MALE,true
1856,María Martinez,71,FEMALE,true
1857,Carlos Rodriguez,59,MALE,true
1858,Diego Diaz,27,FEMALE,true
1859,Ana Martinez,45,MALE,true
1860,Carlos Diaz,59,MALE,true
1861,Luis Perez,77,FEMALE,true
1862,Andrés Perez,28,FEMALE,true
1863,Luis Perez,37,FEMALE,true
1864,Andrés Diaz,29,MALE,true
1865,Andrés Lopez,89,FEMALE,true
1866,Lucia Lopez,90,MALE,true
1867,Ana Garcia,25,MALE,true
1868,Lucia Perez,40,MALE,true
1869,Luis Diaz,69,FEMALE,true
1870,Pedro Garcia,55,MALE,true
1871,Andrés Rodriguez,32,FEMALE,true
1872,Lucia Rodriguez,72,MALE,true
1873,Pedro Garcia,42,FEMALE,true
1874,Luis Rodriguez,76,MALE,true
1875,Juan Diaz,34,FEMALE,true
1876,Sofia Perez,21,FEMALE,true
1877,Ana Garcia,81,FEMALE,true
1878,Lucia Rodriguez,57,FEMALE,true
1879,Juan Garcia,37,FEMALE,true
1880,Pedro Martinez,75,MALE,true
1881,Ana Rodriguez,79,MALE,true
1882,María Ramirez,53,MALE,true
1883,Juan Gomez,20,MALE,true
1884,Carlos Diaz,24,FEMALE,true
1885,Sofia Lopez,73,FEMALE,true
1886,Andrés Gomez,66,MALE,true
1887,Juan Lopez,30,MALE,true
1888,Juan Perez,50,MALE,true
1889,Carlos Lopez,31,MALE,true
1890,Carlos Torres,33,FEMALE,true
1891,Carlos Lopez,88,MALE,true
1892,Luis Torres,44,MALE,true
1893,Sofia Diaz,59,MALE,true
1894,Andrés Lopez,84,MALE,true
1895,Ana Diaz,65,FEMALE,true
1896,María Sanchez,74,MALE,true
1897,Luis Martinez,75,MALE,true
1898,Juan Garcia,49,MALE,true
1899,Carlos Rodriguez,72,MALE,true
1900,Luis Diaz,44,FEMALE,true
1901,Lucia Ramirez,38,FEMALE,true
1902,Sofia Torres,39,MALE,true
1903,Andrés Sanchez,47,MALE,true
1904,María Torres,82,FEMALE,true
1905,Sofia Perez,73,FEMALE,true
1906,Luis Martinez,20,FEMALE,true
1907,Luis Torres,20,FEMALE,true
1908,Andrés Lopez,73,FEMALE,true
1909,Lucia Diaz,70,FEMALE,true
1910,María Rodriguez,43,MALE,true
1911,Carlos Garcia,34,FEMALE,true
1912,Diego Gomez,81,FEMALE,true
1913,Andrés Torres,43,MALE,true
1914,Lucia Lopez,49,MALE,true
1915,Juan Perez,57,MALE,true
1916,Ana Torres,84,MALE,true
1917,Lucia Perez,41,MALE,true
1918,Pedro Rodriguez,46,FEMALE,true
1919,Ana Martinez,60,FEMALE,true
1920,Diego Torres,43,MALE,true
1921,Juan Rodriguez,58,MALE,true
1922,Pedro Torres,83,FEMALE,true
1923,María Garcia,74,FEMALE,true
1924,Juan Diaz,37,FEMALE,true
1925,Carlos Perez,72,FEMALE,true
1926,Juan Garcia,36,FEMALE,true
1927,Lucia Garcia,89,FEMALE,true
1928,Pedro Lopez,80,MALE,true
1929,Andrés Lopez,86,MALE,true
1930,María Rodriguez,83,FEMALE,true
1931,Luis Diaz,32,FEMALE,true
1932,Juan Rodriguez,47,FEMALE,true
1933,Pedro Rodriguez,79,MALE,true
1934,Diego Martinez,90,FEMALE,true
1935,María Diaz,90,MALE,true
1936,Ana Rodriguez,52,FEMALE,true
1937,Andrés Lopez,86,MALE,true
1938,Ana Martinez,41,MALE,true
1939,Luis Diaz,87,MALE,true
1940,Juan Martinez,60,MALE,true
1941,Carlos Torres,85,FEMALE,true
1942,Sofia Diaz,87,MALE,true
1943,María Diaz,66,MALE,true
1944,Diego Martinez,41,MALE,true
1945,Pedro Lopez,67,MALE,true
1946,Sofia Diaz,48,MALE,true
1947,Andrés Torres,19,MALE,true
1948,Sofia Perez,70,MALE,true
1949,Sofia Rodriguez,84,MALE,true
1950,Sofia Gomez,34,MALE,true
1951,Juan Torres,61,MALE,true
1952,Carlos Gomez,70,MALE,true
1953,Ana Perez,29,MALE,true
1954,Juan Sanchez,74,MALE,true
1955,Pedro Torres,77,FEMALE,true
1956,Sofia Martinez,32,FEMALE,true
1957,María Rodriguez,22,FEMALE,true
1958,Ana Perez,57,FEMALE,true
1959,Juan Lopez,77,FEMALE,true
1960,María Perez,58,MALE,true
1961,Ana Gomez,35,MALE,true
1962,Luis Rodriguez,26,MALE,true
1963,María Ramirez,35,FEMALE,true
1964,Andrés Garcia,67,MALE,true
1965,Andrés Ramirez,57,MALE,true
1966,Carlos Martinez,47,MALE,true
1967,Sofia Gomez,75,MALE,true
1968,Juan Sanchez,69,FEMALE,true
1969,Sofia Gomez,33,MALE,true
1970,Diego Sanchez,84,FEMALE,true
1971,Luis Rodriguez,67,FEMALE,true
1972,Pedro Ramirez,66,FEMALE,true
1973,Sofia Sanchez,37,MALE,true
1974,Luis Rodriguez,18,FEMALE,true
1975,Lucia Torres,65,MALE,true
1976,Ana Diaz,71,FEMALE,true
1977,Ana Sanchez,49,MALE,true
1978,Ana Gomez,69,MALE,true
1979,Andrés Martinez,48,MALE,true
1980,Lucia Martinez,31,FEMALE,true
1981,Lucia Rodriguez,47,MALE,true
1982,Ana Martinez,76,MALE,true
1983,Andrés Martinez,79,MALE,true
1984,Ana Sanchez,88,FEMALE,true
1985,Luis Rodriguez,72,FEMALE,true
1986,Lucia Rodriguez,68,MALE,true
1987,Pedro Sanchez,27,FEMALE,true
1988,Pedro Lopez,88,FEMALE,true
1989,María Sanchez,41,FEMALE,true
1990,Carlos Perez,59,MALE,true
1991,Juan Sanchez,75,MALE,true
1992,Sofia Torres,72,MALE,true
1993,Carlos Sanchez,35,MALE,true
1994,Luis Gomez,80,FEMALE,true
1995,Sofia Martinez,89,FEMALE,true
1996,Carlos Perez,25,FEMALE,true
1997,Lucia Martinez,73,MALE,true
1998,Andrés Martinez,80,MALE,true
1999,Andrés Perez,57,MALE,true
2000,Ana Garcia,84,MALE,true
2001,Carlos Perez,78,MALE,true
2002,Andrés Diaz,72,MALE,true
2003,Diego Gomez,90,MALE,true
2004,Sofia Gomez,53,MALE,true
2005,Sofia Ramirez,72,FEMALE,true
2006,Luis Lopez,42,MALE,true
2007,María Garcia,67,MALE,true
2008,Sofia Lopez,49,MALE,true
2009,Andrés Perez,19,MALE,true
2010,Carlos Diaz,28,FEMALE,true
2011,María Ramirez,60,MALE,true
2012,María Martinez,90,MALE,true
2013,Juan Rodriguez,25,MALE,true
2014,Sofia Ramirez,60,FEMALE,true
2015,Luis Garcia,50,MALE,true
2016,Diego Sanchez,24,FEMALE,true
2017,Juan Lopez,62,FEMALE,true
2018,Andrés Lopez,52,FEMALE,true
2019,Juan Martinez,33,MALE,true
2020,Pedro Sanchez,50,MALE,true
2021,Carlos Perez,65,FEMALE,true
2022,Andrés Rodriguez,53,FEMALE,true
2023,Lucia Martinez,21,FEMALE,true
2024,María Ramirez,85,FEMALE,true
2025,Juan Sanchez,76,MALE,true
2026,Luis Lopez,86,MALE,true
2027,María Gomez,59,MALE,true
2028,Carlos Lopez,88,FEMALE,true
2029,Pedro Perez,40,MALE,true
2030,Luis Rodriguez,60,MALE,true
2031,Lucia Martinez,58,MALE,true
2032,Lucia Ramirez,43,FEMALE,true
2033,Andrés Torres,74,MALE,true
2034,Sofia Perez,83,MALE,true
2035,Carlos Martinez,51,FEMALE,true
2036,Diego Torres,84,FEMALE,true
2037,Carlos Rodriguez,50,FEMALE,true
2038,Carlos Martinez,33,MALE,true
2039,Lucia Martinez,22,MALE,true
2040,Juan Torres,83,MALE,true
2041,Pedro Perez,36,FEMALE,true
2042,Lucia Ramirez,46,MALE,true
2043,Sofia Ramirez,77,MALE,true
2044,Luis Sanchez,34,FEMALE,true
2045,Ana Perez,74,FEMALE,true
2046,Lucia Lopez,89,MALE,true
2047,María Martinez,50,MALE,true
2048,Ana Sanchez,32,MALE,true
2049,Andrés Gomez,54,MALE,true
2050,Diego Perez,61,MALE,true
2051,Sofia Diaz,21,MALE,true
2052,Ana Lopez,22,FEMALE,true
2053,María Diaz,67,MALE,true
2054,Andrés Gomez,43,MALE,true
2055,Lucia Diaz,33,FEMALE,true
2056,Juan Sanchez,23,FEMALE,true
2057,Ana Garcia,51,FEMALE,true
2058,Luis Perez,25,FEMALE,true
2059,Luis Torres,29,FEMALE,true
2060,Diego Torres,89,FEMALE,true
2061,María Gomez,53,FEMALE,true
2062,Lucia Rodriguez,46,FEMALE,true
2063,Diego Torres,41,MALE,true
2064,Pedro Ramirez,77,FEMALE,true
2065,Ana Lopez,38,FEMALE,true
2066,Ana Sanchez,40,FEMALE,true
2067,Ana Rodriguez,54,FEMALE,true
2068,Ana Garcia,84,MALE,true
2069,Juan Torres,26,MALE,true
2070,Juan Garcia,26,FEMALE,true
2071,Sofia Lopez,73,MALE,true
2072,Carlos Lopez,84,FEMALE,true
2073,Pedro Garcia,75,MALE,true
2074,Carlos Ramirez,89,FEMALE,true
2075,Pedro Diaz,51,MALE,true
2076,Andrés Garcia,60,MALE,true
2077,María Gomez,56,FEMALE,true
2078,Lucia Garcia,76,MALE,true
2079,Juan Gomez,26,FEMALE,true
2080,Sofia Perez,79,FEMALE,true
2081,Lucia Sanchez,31,FEMALE,true
2082,María Martinez,51,MALE,true
2083,Andrés Gomez,44,MALE,true
2084,Diego Gomez,26,MALE,true
2085,Andrés Diaz,65,MALE,true
2086,Carlos Rodriguez,27,MALE,true
2087,Sofia Diaz,51,MALE,true
2088,Diego Diaz,35,FEMALE,true
2089,Diego Perez,21,MALE,true
2090,Lucia Garcia,64,FEMALE,true
2091,Pedro Lopez,66,FEMALE,true
2092,Carlos Ramirez,59,MALE,true
2093,Andrés Gomez,42,MALE,true
2094,Sofia Torres,36,MALE,true
2095,Pedro Sanchez,72,MALE,true
2096,Andrés Rodriguez,28,FEMALE,true
2097,Andrés Lopez,70,MALE,true
2098,María Martinez,26,MALE,true
2099,Sofia Lopez,38,FEMALE,true
2100,Carlos Martinez,34,FEMALE,true
2101,Lucia Perez,67,FEMALE,true
2102,Andrés Sanchez,29,MALE,true
2103,Ana Garcia,45,FEMALE,true
2104,Pedro Sanchez,69,MALE,true
2105,Pedro Martinez,86,MALE,true
2106,Diego Rodriguez,22,FEMALE,true
2107,Diego Gomez,66,FEMALE,true
2108,María Ramirez,56,FEMALE,true
2109,Pedro Torres,63,FEMALE,true
2110,Luis Perez,33,MALE,true
2111,Juan Lopez,77,MALE,true
2112,Luis Martinez,41,MALE,true
2113,Lucia Sanchez,28,MALE,true
2114,Diego Diaz,41,MALE,true
2115,Diego Lopez,20,FEMALE,true
2116,Carlos Garcia,51,MALE,true
2117,Lucia Gomez,35,MALE,true
2118,Andrés Gomez,77,MALE,true
2119,Lucia Gomez,35,FEMALE,true
2120,Andrés Gomez,83,FEMALE,true
2121,Sofia Gomez,42,FEMALE,true
2122,Andrés Ramirez,52,FEMALE,true
2123,Carlos Ramirez,49,MALE,true
2124,Carlos Sanchez,33,FEMALE,true
2125,Carlos Ramirez,42,MALE,true
2126,Juan Perez,74,FEMALE,true
2127,Carlos Martinez,18,FEMALE,true
2128,Luis Martinez,47,FEMALE,true
2129,María Diaz,23,FEMALE,true
2130,Sofia Ramirez,26,MALE,true
2131,Carlos Torres,71,FEMALE,true
2132,Juan Perez,54,MALE,true
2133,Lucia Lopez,35,MALE,true
2134,María Sanchez,66,MALE,true
2135,Diego Ramirez,90,FEMALE,true
2136,Pedro Gomez,48,FEMALE,true
2137,Sofia Sanchez,56,MALE,true
2138,Diego Martinez,23,FEMALE,true
2139,Sofia Ramirez,86,MALE,true
2140,Andrés Torres,80,MALE,true
2141,Sofia Sanchez,59,MALE,true
2142,Juan Martinez,23,FEMALE,true
2143,Luis Ramirez,81,MALE,true
2144,María Torres,56,MALE,true
2145,Carlos Lopez,25,FEMALE,true
2146,Diego Ramirez,53,FEMALE,true
2147,Ana Martinez,89,FEMALE,true
2148,Sofia Diaz,77,FEMALE,true
2149,Carlos Gomez,81,MALE,true
2150,María Martinez,87,MALE,true
2151,Lucia Gomez,77,FEMALE,true
2152,Lucia Diaz,88,MALE,true
2153,María Perez,78,MALE,true
2154,Juan Diaz,20,MALE,true
2155,Diego Perez,23,MALE,true
2156,María Ramirez,30,FEMALE,true
2157,Diego Gomez,68,MALE,true
2158,Sofia Perez,49,FEMALE,true
2159,Ana Diaz,31,MALE,true
2160,Pedro Garcia,83,FEMALE,true
2161,Pedro Rodriguez,45,MALE,true
2162,Juan Ramirez,78,MALE,true
2163,Ana Torres,50,MALE,true
2164,Diego Lopez,58,FEMALE,true
2165,Pedro Sanchez,89,MALE,true
2166,Luis Gomez,20,FEMALE,true
2167,Lucia Rodriguez,25,FEMALE,true
2168,Diego Rodriguez,46,MALE,true
2169,Andrés Perez,56,MALE,true
2170,Luis Rodriguez,85,MALE,true
2171,Andrés Gomez,68,FEMALE,true
2172,Lucia Ramirez,81,MALE,true
2173,Ana Ramirez,80,FEMALE,true
2174,Juan Sanchez,42,FEMALE,true
2175,Juan Garcia,89,MALE,true
2176,Carlos Ramirez,86,FEMALE,true
2177,Lucia Diaz,87,MALE,true
2178,Pedro Perez,60,MALE,true
2179,Luis Gomez,48,MALE,true
2180,Andrés Garcia,36,FEMALE,true
2181,Sofia Lopez,36,MALE,true
2182,Sofia Perez,47,FEMALE,true
2183,Juan Gomez,50,FEMALE,true
2184,Luis Gomez,32,MALE,true
2185,Andrés Gomez,18,FEMALE,true
2186,Carlos Ramirez,22,MALE,true
2187,Diego Rodriguez,49,MALE,true
2188,Andrés Sanchez,28,MALE,true
2189,Carlos Diaz,71,FEMALE,true
2190,Andrés Perez,30,FEMALE,true
2191,Carlos Lopez,41,FEMALE,true
2192,Ana Rodriguez,59,FEMALE,true
2193,Pedro Martinez,62,FEMALE,true
2194,Carlos Torres,47,FEMALE,true
2195,Luis Torres,58,MALE,true
2196,Lucia Martinez,70,MALE,true
2197,María Gomez,79,FEMALE,true
2198,Luis Sanchez,63,FEMALE,true
2199,María Lopez,56,FEMALE,true
2200,Luis Rodriguez,29,MALE,true
2201,Juan Martinez,47,MALE,true
2202,Sofia Ramirez,34,FEMALE,true
2203,Andrés Torres,57,MALE,true
2204,Pedro Perez,47,MALE,true
2205,Juan Perez,75,MALE,true
2206,Pedro Rodriguez,18,MALE,true
2207,Carlos Torres,88,MALE,true
2208,María Lopez,44,MALE,true
2209,Juan Diaz,61,MALE,true
2210,Sofia Ramirez,44,FEMALE,true
2211,Sofia Diaz,49,FEMALE,true
2212,Pedro Torres,63,FEMALE,true
2213,Pedro Perez,55,MALE,true
2214,Carlos Diaz,85,MALE,true
2215,Andrés Diaz,78,FEMALE,true
2216,Carlos Sanchez,80,FEMALE,true
2217,Carlos Lopez,79,MALE,true
2218,Carlos Diaz,65,FEMALE,true
2219,Sofia Martinez,60,FEMALE,true
2220,Lucia Lopez,87,FEMALE,true
2221,Diego Lopez,52,MALE,true
2222,Pedro Torres,60,FEMALE,true
2223,Ana Gomez,76,MALE,true
2224,Juan Martinez,33,FEMALE,true
2225,Juan Gomez,38,FEMALE,true
2226,Diego Gomez,29,FEMALE,true
2227,Pedro Garcia,37,MALE,true
2228,Diego Sanchez,26,MALE,true
2229,Carlos Rodriguez,74,MALE,true
2230,Luis Perez,82,MALE,true
2231,Sofia Martinez,64,FEMALE,true
2232,María Martinez,54,FEMALE,true
2233,Luis Perez,78,FEMALE,true
2234,Lucia Sanchez,31,FEMALE,true
2235,Lucia Lopez,66,FEMALE,true
2236,Sofia Sanchez,69,FEMALE,true
2237,Sofia Martinez,63,FEMALE,true
2238,Juan Garcia,41,FEMALE,true
2239,María Martinez,68,MALE,true
2240,Carlos Sanchez,76,MALE,true
2241,Juan Garcia,70,FEMALE,true
2242,Lucia Diaz,44,MALE,true
2243,Sofia Perez,65,MALE,true
2244,Carlos Sanchez,56,MALE,true
2245,Ana Rodriguez,25,MALE,true
2246,Diego Lopez,84,MALE,true
2247,Juan Sanchez,50,MALE,true
2248,Andrés Martinez,71,MALE,true
2249,Sofia Gomez,65,MALE,true
2250,Ana Torres,72,FEMALE,true
2251,Luis Lopez,55,MALE,true
2252,Juan Torres,63,FEMALE,true
2253,Diego Sanchez,83,MALE,true
2254,Sofia Rodriguez,20,FEMALE,true
2255,Lucia Sanchez,80,FEMALE,true
2256,Carlos Rodriguez,22,FEMALE,true
2257,María Lopez,61,FEMALE,true
2258,Sofia Sanchez,35,MALE,true
2259,Andrés Rodriguez,83,FEMALE,true
2260,María Lopez,56,MALE,true
2261,Andrés Lopez,72,MALE,true
2262,Luis Rodriguez,74,MALE,true
2263,Luis Sanchez,73,MALE,true
2264,Luis Garcia,60,FEMALE,true
2265,Ana Ramirez,36,FEMALE,true
2266,María Perez,32,MALE,true
2267,Andrés Lopez,39,MALE,true
2268,Luis Martinez,89,FEMALE,true
2269,Luis Lopez,59,FEMALE,true
2270,Lucia Ramirez,52,FEMALE,true
2271,Lucia Diaz,20,FEMALE,true
2272,Carlos Martinez,73,FEMALE,true
2273,Diego Diaz,35,MALE,true
2274,Ana Lopez,67,MALE,true
2275,Andrés Perez,62,MALE,true
2276,Luis Lopez,36,FEMALE,true
2277,Lucia Gomez,68,MALE,true
2278,María Rodriguez,42,FEMALE,true
2279,Ana Martinez,60,FEMALE,true
2280,Lucia Sanchez,82,FEMALE,true
2281,Sofia Martinez,87,FEMALE,true
2282,Diego Martinez,35,FEMALE,true
2283,María Diaz,37,MALE,true
2284,María Martinez,55,FEMALE,true
2285,Andrés Lopez,63,MALE,true
2286,Lucia Sanchez,50,FEMALE,true
2287,Andrés Ramirez,42,MALE,true
2288,Luis Martinez,53,FEMALE,true
2289,Ana Torres,38,FEMALE,true
2290,Sofia Ramirez,77,FEMALE,true
2291,Carlos Rodriguez,82,FEMALE,true
2292,María Ramirez,47,FEMALE,true
2293,Carlos Rodriguez,77,FEMALE,true
2294,Juan Sanchez,60,FEMALE,true
2295,Sofia Diaz,50,MALE,true
2296,Luis Martinez,81,MALE,true
2297,Pedro Sanchez,63,FEMALE,true
2298,Juan Diaz,90,MALE,true
2299,Pedro Sanchez,38,FEMALE,true
2300,Sofia Lopez,32,MALE,true
2301,Lucia Sanchez,41,MALE,true
2302,Carlos Martinez,27,MALE,true
2303,Lucia Garcia,23,MALE,true
2304,Pedro Torres,70,FEMALE,true
2305,Diego Ramirez,36,MALE,true
2306,Diego Perez,71,FEMALE,true
2307,Diego Gomez,68,FEMALE,true
2308,Lucia Ramirez,32,MALE,true
2309,Sofia Martinez,42,FEMALE,true
2310,Lucia Garcia,87,FEMALE,true
2311,Diego Diaz,35,FEMALE,true
2312,Ana Rodriguez,51,MALE,true
2313,Juan Sanchez,53,MALE,true
2314,María Ramirez,18,MALE,true
2315,Andrés Torres,68,MALE,true
2316,Lucia Lopez,66,FEMALE,true
2317,Andrés Perez,52,FEMALE,true
2318,Diego Garcia,21,FEMALE,true
2319,Carlos Martinez,58,MALE,true
2320,Pedro Diaz,21,FEMALE,true
2321,María Sanchez,76,FEMALE,true
2322,Sofia Perez,19,FEMALE,true
2323,Diego Ramirez,79,FEMALE,true
2324,Sofia Martinez,42,FEMALE,true
2325,Ana Sanchez,31,FEMALE,true
2326,María Martinez,30,MALE,true
2327,Sofia Gomez,39,FEMALE,true
2328,Luis Rodriguez,43,FEMALE,true
2329,Carlos Martinez,58,MALE,true
2330,Andrés Lopez,26,MALE,true
2331,Lucia Martinez,33,MALE,true
2332,Diego Lopez,70,MALE,true
2333,Ana Lopez,30,MALE,true
2334,Pedro Martinez,76,MALE,true
2335,Pedro Lopez,65,FEMALE,true
2336,Sofia Garcia,57,MALE,true
2337,María Torres,30,MALE,true
2338,Sofia Lopez,73,FEMALE,true
2339,Carlos Ramirez,54,MALE,true
2340,Pedro Sanchez,44,FEMALE,true
2341,Ana Lopez,46,MALE,true
2342,María Gomez,81,MALE,true
2343,Diego Ramirez,20,MALE,true
2344,Diego Perez,44,MALE,true
2345,Ana Rodriguez,85,FEMALE,true
2346,Lucia Sanchez,66,FEMALE,true
2347,Luis Ramirez,43,MALE,true
2348,Juan Gomez,44,MALE,true
2349,Juan Rodriguez,44,FEMALE,true
2350,Pedro Rodriguez,27,MALE,true
2351,Ana Martinez,74,FEMALE,true
2352,Carlos Ramirez,59,MALE,true
2353,Luis Gomez,79,MALE,true
2354,Lucia Garcia,51,MALE,true
2355,Pedro Garcia,25,FEMALE,true
2356,Diego Diaz,33,MALE,true
2357,Luis Ramirez,72,FEMALE,true
2358,Lucia Diaz,55,FEMALE,true
2359,Lucia Garcia,24,MALE,true
2360,Ana Martinez,23,FEMALE,true
2361,Diego Gomez,29,MALE,true
2362,Pedro Ramirez,30,FEMALE,true
2363,Ana Gomez,65,MALE,true
2364,Carlos Ramirez,39,MALE,true
2365,Sofia Perez,31,FEMALE,true
2366,Juan Rodriguez,67,MALE,true
2367,Ana Perez,23,FEMALE,true
2368,Ana Torres,80,FEMALE,true
2369,Luis Lopez,59,MALE,true
2370,Sofia Perez,75,FEMALE,true
2371,María Garcia,18,FEMALE,true
2372,María Martinez,23,FEMALE,true
2373,Ana Martinez,27,FEMALE,true
2374,Andrés Torres,29,MALE,true
2375,Sofia Torres,36,MALE,true
2376,Pedro Lopez,53,FEMALE,true
2377,Carlos Ramirez,67,MALE,true
2378,Diego Diaz,53,FEMALE,true
2379,Andrés Gomez,61,MALE,true
2380,Andrés Perez,36,FEMALE,true
2381,María Rodriguez,28,MALE,true
2382,María Gomez,44,MALE,true
2383,Luis Lopez,81,MALE,true
2384,Diego Garcia,45,FEMALE,true
2385,María Sanchez,36,MALE,true
2386,Carlos Ramirez,34,MALE,true
2387,Ana Lopez,82,MALE,true
2388,Pedro Garcia,64,MALE,true
2389,Luis Sanchez,70,MALE,true
2390,Carlos Perez,52,FEMALE,true
2391,María Garcia,53,MALE,true
2392,Juan Diaz,40,MALE,true
2393,Ana Gomez,19,MALE,true
2394,María Ramirez,70,FEMALE,true
2395,Sofia Diaz,58,MALE,true
2396,Juan Sanchez,36,FEMALE,true
2397,María Diaz,45,FEMALE,true
2398,Carlos Gomez,88,MALE,true
2399,Luis Sanchez,60,FEMALE,true
2400,Lucia Sanchez,69,MALE,true
2401,Ana Gomez,89,FEMALE,true
2402,Juan Torres,67,FEMALE,true
2403,María Garcia,25,FEMALE,true
2404,Lucia Gomez,62,MALE,true
2405,Carlos Lopez,36,FEMALE,true
2406,Diego Ramirez,82,FEMALE,true
2407,Juan Ramirez,69,MALE,true
2408,Diego Rodriguez,66,FEMALE,true
2409,María Ramirez,18,FEMALE,true
2410,María Diaz,39,MALE,true
2411,María Perez,68,MALE,true
2412,Ana Gomez,77,FEMALE,true
2413,Juan Diaz,42,MALE,true
2414,Ana Perez,54,MALE,true
2415,Carlos Torres,51,MALE,true
2416,Lucia Lopez,87,FEMALE,true
2417,Luis Rodriguez,33,MALE,true
2418,Luis Gomez,33,MALE,true
2419,Lucia Diaz,50,FEMALE,true
2420,Juan Diaz,27,FEMALE,true
2421,Juan Garcia,50,FEMALE,true
2422,María Martinez,83,FEMALE,true
2423,Luis Garcia,48,FEMALE,true
2424,Pedro Rodriguez,24,FEMALE,true
2425,Andrés Lopez,73,MALE,true
2426,Juan Martinez,76,FEMALE,true
2427,Luis Ramirez,19,FEMALE,true
2428,Sofia Perez,19,FEMALE,true
2429,Ana Diaz,49,FEMALE,true
2430,Andrés Garcia,63,FEMALE,true
2431,Pedro Sanchez,28,MALE,true
2432,Lucia Rodriguez,50,FEMALE,true
2433,Luis Diaz,56,FEMALE,true
2434,Luis Martinez,83,FEMALE,true
2435,Sofia Rodriguez,19,FEMALE,true
2436,Ana Sanchez,76,MALE,true
2437,Juan Perez,53,FEMALE,true
2438,Carlos Sanchez,33,FEMALE,true
2439,Luis Rodriguez,76,MALE,true
2440,Ana Torres,89,MALE,true
2441,Pedro Torres,90,MALE,true
2442,Pedro Perez,27,MALE,true
2443,Pedro Diaz,76,FEMALE,true
2444,Pedro Gomez,36,FEMALE,true
2445,Juan Lopez,47,MALE,true
2446,Juan Rodriguez,57,FEMALE,true
2447,Diego Rodriguez,58,FEMALE,true
2448,Pedro Perez,77,FEMALE,true
2449,Andrés Diaz,30,FEMALE,true
2450,Luis Diaz,71,MALE,true
2451,Luis Sanchez,36,MALE,true
2452,Sofia Diaz,80,FEMALE,true
2453,Juan Lopez,23,MALE,true
2454,Sofia Rodriguez,30,FEMALE,true
2455,Diego Gomez,59,FEMALE,true
2456,Ana Garcia,88,MALE,true
2457,Luis Lopez,37,MALE,true
2458,María Perez,50,MALE,true
2459,María Garcia,51,MALE,true
2460,Juan Torres,33,FEMALE,true
2461,Sofia Ramirez,65,FEMALE,true
2462,Lucia Rodriguez,41,MALE,true
2463,María Sanchez,21,FEMALE,true
2464,Sofia Perez,89,MALE,true
2465,Sofia Martinez,51,MALE,true
2466,Carlos Gomez,48,FEMALE,true
2467,Diego Rodriguez,78,MALE,true
2468,Juan Diaz,88,MALE,true
2469,Sofia Gomez,57,MALE,true
2470,Juan Lopez,81,MALE,true
2471,Pedro Sanchez,18,FEMALE,true
2472,María Gomez,53,FEMALE,true
2473,Ana Garcia,44,MALE,true
2474,Carlos Torres,46,FEMALE,true
2475,Juan Sanchez,22,FEMALE,true
2476,Carlos Gomez,18,FEMALE,true
2477,Ana Diaz,60,MALE,true
2478,Carlos Perez,47,MALE,true
2479,Diego Lopez,25,MALE,true
2480,Luis Ramirez,64,FEMALE,true
2481,Ana Lopez,69,MALE,true
2482,Luis Sanchez,21,FEMALE,true
2483,Ana Ramirez,20,FEMALE,true
2484,Ana Garcia,46,FEMALE,true
2485,María Gomez,78,MALE,true
2486,Luis Ramirez,20,MALE,true
2487,Pedro Lopez,71,MALE,true
2488,María Gomez,51,MALE,true
2489,Luis Torres,23,MALE,true
2490,Andrés Diaz,39,FEMALE,true
2491,María Garcia,62,MALE,true
2492,Luis Ramirez,82,MALE,true
2493,Juan Garcia,41,MALE,true
2494,Lucia Ramirez,45,FEMALE,true
2495,Luis Lopez,77,MALE,true
2496,Luis Torres,30,MALE,true
2497,Diego Martinez,76,FEMALE,true
2498,Diego Perez,34,FEMALE,true
2499,Luis Garcia,43,MALE,true
2500,Luis Gomez,52,MALE,true
2501,Pedro Lopez,29,FEMALE,true
2502,Lucia Perez,60,MALE,true
2503,Diego Lopez,34,FEMALE,true
2504,Diego Martinez,46,MALE,true
2505,Diego Perez,18,MALE,true
2506,Pedro Ramirez,22,FEMALE,true
2507,María Torres,82,FEMALE,true
2508,Juan Sanchez,35,MALE,true
2509,Juan Gomez,18,FEMALE,true
2510,Carlos Garcia,34,FEMALE,true
2511,Juan Martinez,64,FEMALE,true
2512,Sofia Rodriguez,39,FEMALE,true
2513,Carlos Diaz,52,FEMALE,true
2514,Pedro Lopez,73,MALE,true
2515,Lucia Lopez,68,FEMALE,true
2516,María Rodriguez,66,FEMALE,true
2517,Carlos Martinez,40,FEMALE,true
2518,Diego Rodriguez,85,MALE,true
2519,Luis Gomez,43,MALE,true
2520,Diego Torres,72,FEMALE,true
2521,Andrés Gomez,69,FEMALE,true
2522,Diego Martinez,23,MALE,true
2523,Sofia Perez,20,FEMALE,true
2524,María Diaz,53,FEMALE,true
2525,Luis Rodriguez,45,MALE,true
2526,Ana Diaz,41,MALE,true
2527,Pedro Torres,27,MALE,true
2528,Juan Sanchez,34,MALE,true
2529,Ana Gomez,75,MALE,true
2530,Pedro Torres,62,FEMALE,true
2531,Sofia Torres,36,MALE,true
2532,Ana Diaz,32,FEMALE,true
2533,Lucia Torres,38,FEMALE,true
2534,Juan Sanchez,45,FEMALE,true
2535,Luis Torres,41,MALE,true
2536,Sofia Sanchez,56,MALE,true
2537,Pedro Perez,33,FEMALE,true
2538,Pedro Ramirez,68,MALE,true
2539,María Ramirez,50,FEMALE,true
2540,Andrés Diaz,42,FEMALE,true
2541,Pedro Torres,51,MALE,true
2542,Carlos Martinez,24,MALE,true
2543,Lucia Rodriguez,40,MALE,true
2544,Lucia Lopez,31,MALE,true
2545,Juan Rodriguez,18,FEMALE,true
2546,María Rodriguez,36,FEMALE,true
2547,María Gomez,60,FEMALE,true
2548,Juan Rodriguez,51,FEMALE,true
2549,Carlos Rodriguez,70,MALE,true
2550,Carlos Rodriguez,44,MALE,true
2551,Sofia Perez,43,MALE,true
2552,Lucia Lopez,77,MALE,true
2553,Andrés Gomez,82,MALE,true
2554,Juan Gomez,61,FEMALE,true
2555,Carlos Martinez,59,MALE,true
2556,Diego Diaz,87,FEMALE,true
2557,Carlos Rodriguez,62,FEMALE,true
2558,Ana Rodriguez,18,FEMALE,true
2559,Sofia Lopez,71,FEMALE,true
2560,Diego Lopez,73,MALE,true
2561,Luis Sanchez,81,MALE,true
2562,Carlos Diaz,70,MALE,true
2563,Luis Perez,50,MALE,true
2564,Lucia Ramirez,41,FEMALE,true
2565,Carlos Rodriguez,75,MALE,true
2566,Juan Rodriguez,38,MALE,true
2567,Andrés Rodriguez,60,MALE,true
2568,Diego Martinez,46,FEMALE,true
2569,María Torres,82,FEMALE,true
2570,Pedro Perez,34,MALE,true
2571,Andrés Lopez,38,FEMALE,true
2572,Lucia Lopez,42,MALE,true
2573,María Perez,81,MALE,true
2574,Luis Sanchez,73,MALE,true
2575,Diego Martinez,47,FEMALE,true
2576,María Diaz,18,FEMALE,true
2577,Diego Rodriguez,88,MALE,true
2578,María Gomez,90,MALE,true
2579,Diego Lopez,72,MALE,true
2580,Carlos Rodriguez,41,MALE,true
2581,Sofia Sanchez,87,FEMALE,true
2582,Ana Sanchez,50,FEMALE,true
2583,Sofia Gomez,19,MALE,true
2584,Ana Garcia,18,FEMALE,true
2585,Andrés Lopez,24,FEMALE,true
2586,María Garcia,31,MALE,true
2587,Ana Garcia,54,FEMALE,true
2588,Luis Diaz,42,MALE,true
2589,Ana Torres,21,FEMALE,true
2590,Andrés Lopez,33,FEMALE,true
2591,Andrés Rodriguez,23,FEMALE,true
2592,Lucia Diaz,23,FEMALE,true
2593,Diego Ramirez,80,MALE,true
2594,Juan Sanchez,36,FEMALE,true
2595,María Ramirez,27,MALE,true
2596,Ana Rodriguez,36,FEMALE,true
2597,Carlos Diaz,84,FEMALE,true
2598,Luis Rodriguez,33,MALE,true
2599,Juan Perez,59,MALE,true
2600,María Gomez,65,FEMALE,true
2601,Luis Garcia,49,FEMALE,true
2602,Sofia Martinez,57,MALE,true
2603,Lucia Ramirez,84,FEMALE,true
2604,Juan Torres,44,FEMALE,true
2605,Ana Rodriguez,61,MALE,true
2606,Carlos Lopez,20,FEMALE,true
2607,Diego Ramirez,66,FEMALE,true
2608,María Ramirez,34,FEMALE,true
2609,Ana Gomez,54,MALE,true
2610,Sofia Ramirez,57,FEMALE,true
2611,Andrés Rodriguez,62,MALE,true
2612,Sofia Martinez,33,FEMALE,true
2613,Lucia Gomez,56,FEMALE,true
2614,Carlos Rodriguez,39,MALE,true
2615,Lucia Torres,61,FEMALE,true
2616,Ana Garcia,84,FEMALE,true
2617,Sofia Gomez,47,MALE,true
2618,Pedro Diaz,36,FEMALE,true
2619,Luis Sanchez,81,FEMALE,true
2620,Carlos Lopez,56,FEMALE,true
2621,Carlos Ramirez,75,FEMALE,true
2622,Ana Sanchez,64,MALE,true
2623,Carlos Rodriguez,19,FEMALE,true
2624,María Martinez,60,FEMALE,true
2625,María Diaz,89,MALE,true
2626,Pedro Garcia,53,MALE,true
2627,Ana Lopez,60,FEMALE,true
2628,Pedro Lopez,82,MALE,true
2629,Andrés Gomez,59,MALE,true
2630,Carlos Ramirez,54,MALE,true
2631,Luis Torres,67,FEMALE,true
2632,Lucia Sanchez,37,MALE,true
2633,Andrés Lopez,81,FEMALE,true
2634,Carlos Sanchez,74,FEMALE,true
2635,Pedro Martinez,85,FEMALE,true
2636,Ana Perez,61,FEMALE,true
2637,Lucia Torres,85,FEMALE,true
2638,Lucia Perez,57,MALE,true
2639,Pedro Perez,78,MALE,true
2640,Ana Garcia,71,MALE,true
2641,Ana Lopez,40,MALE,true
2642,Juan Garcia,65,FEMALE,true
2643,Carlos Lopez,83,MALE,true
2644,Sofia Martinez,53,MALE,true
2645,Juan Gomez,78,MALE,true
2646,Diego Martinez,19,MALE,true
2647,Juan Torres,52,FEMALE,true
2648,Ana Martinez,70,FEMALE,true
2649,Juan Sanchez,41,MALE,true
2650,Carlos Rodriguez,88,MALE,true
2651,Juan Garcia,59,MALE,true
2652,Luis Lopez,86,MALE,true
2653,Juan Lopez,40,FEMALE,true
2654,Lucia Garcia,73,FEMALE,true
2655,Luis Rodriguez,45,FEMALE,true
2656,Diego Ramirez,75,FEMALE,true
2657,María Diaz,61,FEMALE,true
2658,Diego Gomez,69,FEMALE,true
2659,Pedro Sanchez,69,MALE,true
2660,María Lopez,83,FEMALE,true
2661,Diego Perez,69,MALE,true
2662,Andrés Rodriguez,51,FEMALE,true
2663,Carlos Martinez,50,FEMALE,true
2664,Diego Diaz,48,FEMALE,true
2665,Lucia Martinez,41,MALE,true
2666,Luis Garcia,29,FEMALE,true
2667,Andrés Martinez,35,FEMALE,true
2668,Diego Garcia,53,MALE,true
2669,Diego Sanchez,19,FEMALE,true
2670,Andrés Ramirez,57,MALE,true
2671,María Gomez,70,FEMALE,true
2672,Ana Perez,39,MALE,true
2673,Juan Gomez,42,FEMALE,true
2674,Diego Sanchez,28,FEMALE,true
2675,Ana Perez,35,FEMALE,true
2676,Lucia Ramirez,78,FEMALE,true
2677,Luis Ramirez,31,FEMALE,true
2678,Carlos Rodriguez,81,MALE,true
2679,Pedro Lopez,43,FEMALE,true
2680,Luis Lopez,79,FEMALE,true
2681,Juan Perez,19,FEMALE,true
2682,Juan Torres,52,FEMALE,true
2683,Luis Garcia,44,MALE,true
2684,Lucia Rodriguez,32,MALE,true
2685,Diego Torres,73,MALE,true
2686,Sofia Sanchez,58,MALE,true
2687,Ana Lopez,40,MALE,true
2688,Sofia Lopez,28,MALE,true
2689,Ana Rodriguez,75,MALE,true
2690,Ana Gomez,85,FEMALE,true
2691,Luis Ramirez,86,FEMALE,true
2692,Diego Perez,64,MALE,true
2693,Carlos Sanchez,58,FEMALE,true
2694,Andrés Sanchez,67,FEMALE,true
2695,Andrés Ramirez,61,FEMALE,true
2696,Ana Martinez,66,MALE,true
2697,María Sanchez,69,MALE,true
2698,Juan Rodriguez,37,MALE,true
2699,María Sanchez,52,FEMALE,true
2700,Carlos Perez,33,FEMALE,true
2701,Diego Ramirez,85,FEMALE,true
2702,Luis Perez,80,MALE,true
2703,Lucia Garcia,86,MALE,true
2704,Andrés Martinez,73,FEMALE,true
2705,Pedro Martinez,89,MALE,true
2706,Sofia Perez,33,MALE,true
2707,Pedro Garcia,61,MALE,true
2708,Ana Perez,34,FEMALE,true
2709,Pedro Torres,18,MALE,true
2710,Carlos Perez,32,MALE,true
2711,Diego Martinez,70,FEMALE,true
2712,Andrés Perez,28,FEMALE,true
2713,Carlos Ramirez,87,MALE,true
2714,Carlos Rodriguez,53,MALE,true
2715,Sofia Garcia,22,MALE,true
2716,Sofia Rodriguez,49,FEMALE,true
2717,Lucia Rodriguez,53,MALE,true
2718,Lucia Rodriguez,34,MALE,true
2719,Pedro Perez,90,FEMALE,true
2720,Sofia Diaz,27,MALE,true
2721,Lucia Torres,22,MALE,true
2722,Juan Sanchez,27,FEMALE,true
2723,Lucia Martinez,61,FEMALE,true
2724,Luis Gomez,80,FEMALE,true
2725,Sofia Perez,46,FEMALE,true
2726,Sofia Sanchez,80,MALE,true
2727,Ana Diaz,33,MALE,true
2728,Andrés Lopez,42,FEMALE,true
2729,Carlos Rodriguez,75,FEMALE,true
2730,Ana Lopez,26,MALE,true
2731,Juan Diaz,59,MALE,true
2732,Luis Lopez,58,FEMALE,true
2733,Carlos Lopez,63,MALE,true
2734,Diego Torres,70,FEMALE,true
2735,Sofia Rodriguez,28,MALE,true
2736,Andrés Ramirez,38,FEMALE,true
2737,Juan Lopez,19,FEMALE,true
2738,Lucia Martinez,54,FEMALE,true
2739,Juan Diaz,28,FEMALE,true
2740,Ana Ramirez,18,MALE,true
2741,Carlos Gomez,56,MALE,true
2742,Sofia Torres,71,FEMALE,true
2743,Diego Diaz,40,FEMALE,true
2744,Luis Gomez,46,MALE,true
2745,Carlos Perez,28,FEMALE,true
2746,Carlos Garcia,86,FEMALE,true
2747,María Gomez,57,FEMALE,true
2748,Diego Sanchez,65,MALE,true
2749,Andrés Perez,28,MALE,true
2750,Sofia Rodriguez,83,MALE,true
2751,Ana Diaz,58,FEMALE,true
2752,Diego Diaz,69,MALE,true
2753,Diego Torres,38,MALE,true
2754,Lucia Perez,49,FEMALE,true
2755,Lucia Perez,50,MALE,true
2756,María Lopez,63,MALE,true
2757,Diego Sanchez,43,MALE,true
2758,Diego Sanchez,47,FEMALE,true
2759,Pedro Perez,59,MALE,true
2760,María Lopez,34,FEMALE,true
2761,Sofia Garcia,69,FEMALE,true
2762,Pedro Lopez,49,MALE,true
2763,Andrés Martinez,86,FEMALE,true
2764,Diego Lopez,34,MALE,true
2765,Diego Martinez,48,MALE,true
2766,María Martinez,21,FEMALE,true
2767,Lucia Garcia,47,MALE,true
2768,Diego Lopez,30,FEMALE,true
2769,Sofia Perez,77,MALE,true
2770,Carlos Lopez,26,FEMALE,true
2771,Luis Garcia,75,MALE,true
2772,Sofia Gomez,51,FEMALE,true
2773,Lucia Torres,80,FEMALE,true
2774,Luis Perez,46,FEMALE,true
2775,Juan Perez,75,FEMALE,true
2776,Diego Diaz,18,FEMALE,true
2777,Diego Torres,42,FEMALE,true
2778,Carlos Sanchez,29,FEMALE,true
2779,Lucia Garcia,65,FEMALE,true
2780,Lucia Torres,65,FEMALE,true
2781,Luis Ramirez,59,MALE,true
2782,Luis Gomez,40,FEMALE,true
2783,Luis Ramirez,45,FEMALE,true
2784,Ana Martinez,90,MALE,true
2785,Lucia Diaz,65,FEMALE,true
2786,Pedro Ramirez,19,MALE,true
2787,Lucia Rodriguez,47,MALE,true
2788,Carlos Lopez,83,FEMALE,true
2789,María Perez,20,MALE,true
2790,Ana Martinez,59,FEMALE,true
2791,Ana Garcia,23,MALE,true
2792,Sofia Torres,55,MALE,true
2793,Carlos Garcia,39,MALE,true
2794,Sofia Lopez,26,FEMALE,true
2795,María Diaz,79,MALE,true
2796,María Lopez,54,MALE,true
2797,María Rodriguez,25,MALE,true
2798,Diego Gomez,85,FEMALE,true
2799,Sofia Gomez,29,FEMALE,true
2800,Juan Torres,18,MALE,true
2801,Luis Gomez,26,MALE,true
2802,Pedro Sanchez,52,FEMALE,true
2803,Pedro Diaz,48,MALE,true
2804,Pedro Lopez,59,FEMALE,true
2805,Sofia Ramirez,52,FEMALE,true
2806,Luis Lopez,60,FEMALE,true
2807,Carlos Gomez,51,FEMALE,true
2808,Lucia Diaz,58,FEMALE,true
2809,Luis Ramirez,31,FEMALE,true
2810,Pedro Garcia,63,FEMALE,true
2811,Lucia Torres,79,MALE,true
2812,Carlos Rodriguez,40,MALE,true
2813,Ana Rodriguez,24,MALE,true
2814,Luis Martinez,32,FEMALE,true
2815,Andrés Lopez,22,FEMALE,true
2816,Pedro Rodriguez,80,MALE,true
2817,Lucia Martinez,40,FEMALE,true
2818,Lucia Diaz,28,MALE,true
2819,Ana Ramirez,20,FEMALE,true
2820,Andrés Lopez,19,MALE,true
2821,Juan Diaz,42,FEMALE,true
2822,Carlos Ramirez,32,MALE,true
2823,Juan Martinez,89,MALE,true
2824,Ana Sanchez,56,MALE,true
2825,Lucia Ramirez,72,MALE,true
2826,María Lopez,26,FEMALE,true
2827,Pedro Ramirez,22,MALE,true
2828,María Sanchez,22,MALE,true
2829,Luis Lopez,64,FEMALE,true
2830,Pedro Torres,72,MALE,true
2831,Ana Gomez,32,MALE,true
2832,Sofia Gomez,44,MALE,true
2833,María Diaz,47,FEMALE,true
2834,Diego Perez,47,FEMALE,true
2835,Ana Lopez,50,MALE,true
2836,Lucia Diaz,61,FEMALE,true
2837,Carlos Perez,24,MALE,true
2838,Andrés Diaz,71,FEMALE,true
2839,Pedro Martinez,89,MALE,true
2840,Lucia Torres,66,FEMALE,true
2841,Pedro Garcia,81,MALE,true
2842,Diego Diaz,42,MALE,true
2843,Luis Diaz,45,MALE,true
2844,Lucia Sanchez,28,MALE,true
2845,Sofia Gomez,51,FEMALE,true
2846,Sofia Torres,21,FEMALE,true
2847,Luis Martinez,51,MALE,true
2848,Pedro Torres,68,MALE,true
2849,Juan Perez,28,MALE,true
2850,Ana Ramirez,72,FEMALE,true
2851,María Martinez,45,MALE,true
2852,Sofia Gomez,88,FEMALE,true
2853,María Torres,43,MALE,true
2854,Juan Lopez,53,FEMALE,true
2855,María Gomez,24,MALE,true
2856,Lucia Gomez,90,MALE,true
2857,Andrés Gomez,57,FEMALE,true
2858,Ana Gomez,84,MALE,true
2859,Lucia Sanchez,38,FEMALE,true
2860,Sofia Sanchez,53,FEMALE,true
2861,Sofia Garcia,29,MALE,true
2862,Andrés Sanchez,68,MALE,true
2863,María Ramirez,40,MALE,true
2864,Andrés Garcia,18,FEMALE,true
2865,Carlos Rodriguez,25,FEMALE,true
2866,Luis Torres,88,MALE,true
2867,Sofia Rodriguez,72,FEMALE,true
2868,Sofia Sanchez,41,MALE,true
2869,María Torres,50,MALE,true
2870,Juan Diaz,80,MALE,true
2871,Pedro Martinez,36,MALE,true
2872,Carlos Sanchez,59,MALE,true
2873,Sofia Rodriguez,56,FEMALE,true
2874,Luis Lopez,38,MALE,true
2875,Carlos Diaz,23,MALE,true
2876,María Martinez,56,MALE,true
2877,Pedro Torres,56,MALE,true
2878,Lucia Torres,67,MALE,true
2879,Lucia Garcia,71,MALE,true
2880,Juan Lopez,21,MALE,true
2881,Pedro Sanchez,42,FEMALE,true
2882,Pedro Sanchez,88,FEMALE,true
2883,Andrés Sanchez,66,FEMALE,true
2884,María Gomez,49,MALE,true
2885,Ana Perez,32,FEMALE,true
2886,Lucia Ramirez,41,MALE,true
2887,Carlos Torres,42,MALE,true
2888,Ana Perez,34,FEMALE,true
2889,María Diaz,43,FEMALE,true
2890,Pedro Martinez,22,MALE,true
2891,Andrés Sanchez,67,MALE,true
2892,María Gomez,51,FEMALE,true
2893,Juan Ramirez,19,FEMALE,true
2894,Diego Diaz,40,FEMALE,true
2895,Carlos Gomez,43,MALE,true
2896,María Diaz,59,FEMALE,true
2897,Carlos Martinez,53,MALE,true
2898,María Sanchez,74,FEMALE,true
2899,Pedro Torres,31,MALE,true
2900,Diego Garcia,86,MALE,true
2901,Ana Lopez,44,FEMALE,true
2902,Luis Torres,29,MALE,true
2903,Andrés Gomez,47,FEMALE,true
2904,Andrés Rodriguez,23,FEMALE,true
2905,Ana Perez,78,MALE,true
2906,Carlos Sanchez,83,FEMALE,true
2907,Lucia Rodriguez,70,MALE,true
2908,Pedro Sanchez,72,MALE,true
2909,Juan Sanchez,88,FEMALE,true
2910,Sofia Torres,36,MALE,true
2911,Luis Gomez,32,MALE,true
2912,María Garcia,54,FEMALE,true
2913,Lucia Sanchez,57,MALE,true
2914,Ana Lopez,63,FEMALE,true
2915,Juan Rodriguez,25,MALE,true
2916,Diego Martinez,19,FEMALE,true
2917,Sofia Sanchez,21,MALE,true
2918,Luis Torres,71,MALE,true
2919,Luis Lopez,44,FEMALE,true
2920,Pedro Sanchez,62,MALE,true
2921,Pedro Diaz,24,MALE,true
2922,Carlos Lopez,90,FEMALE,true
2923,Carlos Diaz,69,FEMALE,true
2924,Luis Rodriguez,41,FEMALE,true
2925,Ana Gomez,44,FEMALE,true
2926,Luis Rodriguez,29,MALE,true
2927,Lucia Perez,66,MALE,true
2928,Lucia Diaz,85,MALE,true
2929,Juan Sanchez,25,MALE,true
2930,Andrés Rodriguez,37,MALE,true
2931,Andrés Lopez,62,FEMALE,true
2932,María Perez,63,MALE,true
2933,Diego Martinez,61,FEMALE,true
2934,Carlos Diaz,74,MALE,true
2935,María Garcia,55,FEMALE,true
2936,Juan Rodriguez,52,MALE,true
2937,María Rodriguez,79,FEMALE,true
2938,Pedro Gomez,83,FEMALE,true
2939,Diego Torres,86,MALE,true
2940,Luis Ramirez,25,MALE,true
2941,Lucia Rodriguez,74,MALE,true
2942,Lucia Rodriguez,46,MALE,true
2943,Andrés Perez,27,FEMALE,true
2944,Juan Gomez,44,FEMALE,true
2945,Pedro Ramirez,48,FEMALE,true
2946,Sofia Ramirez,36,FEMALE,true
2947,María Garcia,45,MALE,true
2948,Carlos Perez,49,FEMALE,true
2949,Diego Perez,37,FEMALE,true
2950,Ana Gomez,75,MALE,true
2951,Pedro Lopez,70,MALE,true
2952,Sofia Torres,26,FEMALE,true
2953,Lucia Torres,57,FEMALE,true
2954,Luis Diaz,29,MALE,true
2955,Carlos Ramirez,85,FEMALE,true
2956,Andrés Diaz,20,MALE,true
2957,Diego Rodriguez,40,MALE,true
2958,Sofia Rodriguez,51,MALE,true
2959,Andrés Perez,70,FEMALE,true
2960,Juan Diaz,82,MALE,true
2961,Diego Martinez,80,FEMALE,true
2962,Andrés Garcia,60,MALE,true
2963,Carlos Ramirez,41,MALE,true
2964,Carlos Sanchez,65,MALE,true
2965,Luis Perez,22,FEMALE,true
2966,Carlos Martinez,64,MALE,true
2967,Ana Garcia,53,MALE,true
2968,Juan Perez,40,MALE,true
2969,Lucia Gomez,67,FEMALE,true
2970,Diego Rodriguez,31,MALE,true
2971,Andrés Perez,45,FEMALE,true
2972,Carlos Martinez,42,FEMALE,true
2973,Diego Rodriguez,27,FEMALE,true
2974,Sofia Gomez,21,FEMALE,true
2975,Lucia Rodriguez,31,MALE,true
2976,Sofia Lopez,63,MALE,true
2977,María Martinez,67,FEMALE,true
2978,Luis Torres,54,FEMALE,true
2979,Sofia Diaz,74,FEMALE,true
2980,María Martinez,65,MALE,true
2981,Lucia Gomez,85,MALE,true
2982,Diego Gomez,37,FEMALE,true
2983,Pedro Martinez,52,MALE,true
2984,Andrés Rodriguez,69,MALE,true
2985,Andrés Garcia,49,FEMALE,true
2986,Juan Perez,58,MALE,true
2987,Luis Lopez,72,MALE,true
2988,Lucia Rodriguez,43,FEMALE,true
2989,Ana Lopez,50,FEMALE,true
2990,Lucia Rodriguez,89,FEMALE,true
2991,Pedro Lopez,52,FEMALE,true
2992,Andrés Rodriguez,81,MALE,true
2993,Pedro Rodriguez,59,FEMALE,true
2994,Lucia Gomez,56,FEMALE,true
2995,Andrés Gomez,18,FEMALE,true
2996,Carlos Perez,81,FEMALE,true
2997,Juan Garcia,46,MALE,true
2998,Lucia Rodriguez,42,FEMALE,true
2999,Carlos Lopez,26,FEMALE,true
